Product_names,Prices,Sales,Promotion,Sold_out
English Pear & Sweet Pea Cologne 9ml,890ß,670ß,big sale,35
Black Opium Eau De Parfum 3ml,590ß,359ß,big sale,125
YSL Myslf edp 3 ml,790ß,359ß,big sale,42
Sauvage Eau De Toilette 1 ml,200ß,150ß,big sale,414
Sauvage Eau de Parfum 1ml,200ß,150ß,big sale,301
Miss Dior EDP 5ml,690ß,579ß,big sale,17
For Her Eau de Toilette 7.5ml (No Box),890ß,615ß,big sale,146
Libre Eau de Parfum 10 ml (Tester Box),1300ß,939ß,big sale,204
Libre Eau De Parfum 7.5ml,990ß,729ß,flash sale,293
The Yulong Eau de Toilette 7.5 ml,1590ß,990ß,flash sale,44
Si Passione Eau De Parfum 1.2 m,350ß,239ß,big sale,683
Signature Eau de Parfum 75ml (Tester Box),6600ß,"2,990ß",flash sale,116
Signature Eau de Parfum Rollerball 10ml,1300ß,875ß,big sale,6
Libre Eau de Parfum 10 ml (No box),1300ß,929ß,flash sale,139
No.5 eau de parfum 1.5ml,350ß,251ß,big sale,308
Sauvage Elixir EDP 7.5ml,1590ß,959ß,flash sale,35
English Pear & Freesia Cologne 9 ml.,890ß,729ß,flash sale,947
Replica Lazy Sunday Morning EDT 7ml,990ß,480ß,flash sale,120
Miss Dior Blooming Bouquet Gift Set (2 items in set),990ß,-,-,27
Born In Roma EDP 6ml,790ß,588ß,big sale,18
Be 100 ml  sport man,3180ß,990ß,flash sale,999
White Suede EDP 2ml,490ß,290ß,big sale,103
Elizabeth Arden Green Tea EDT 100 ml,2290ß,"1,059ß",big sale,"1,381"
Black Opium Eau De Parfum 10ml (No Box),1500ß,959ß,flash sale,96
Mon Paris Eau De Parfum 10ml (No Box),1500ß,"1,240ß",big sale,54
1 free 1 Flora Gorgeous Gardenia Eau De Parfum 1.5ml,500ß,259ß,big sale,123
Flora Gorgeous Gardenia Eau De Parfum 1.5ml,250ß,150ß,big sale,126
Replica Springtime In A Park EDT 100ml (No Box),5100ß,"3,990ß",flash sale,39
YSL Myslf edp 1.2 ml,175ß,143ß,big sale,124
Black Orchid EDP 4ml,790ß,490ß,flash sale,27
Dreams EDP 4.5ml,790ß,399ß,big sale,237
Dreams Sunset Eau De Parfum 4.5ml,790ß,399ß,big sale,210
Homme Sport EDT 1.5 ml,700ß,479ß,big sale,158
Allure Homme Sport EDT 1.5 ml,350ß,251ß,big sale,259
Si EDP 50ml,5500ß,"3,290ß",big sale,105
My Way EDP 7ml,790ß,599ß,big sale,251
Peony & Blush Suede Cologne 9ml.,890ß,690ß,big sale,473
ECLAT D'ARPEGE EDP 30 ml,2200ß,890ß,flash sale,"3,917"
Miss Dior Blooming Bouquet Gift Set (2 items in set),1290ß,899ß,big sale,279
Gris Perfume EDP 7.5ml,1800ß,829ß,flash sale,59
